Firstname,Surname,Password,Phone Number,Email,Location,Gender,Age,Ethnicity,Favourite Food,Favourite Colour,Known For,userType,Username
Szilard,Smith,Floffy-2007,07785231365,Sziladfloffy203@gmail.com,"38, Glynne Street, Deeside, Wales",Male,66,Canadian,Macaroni and cheese,Black,3,customer,SzilardSmith703
Roben,Sparta,RobSparta45!,78124398785,,,,81,,,,1,customer,RobenSparta470
Oliver,Smith,OliveR!102,07742133451,oliver.smith102@gmail.com,,Male,34,British,Pizza,Blue,5,customer,OliverSmith001
Amelia,Jones,AmeJ#449,07891233411,amelia.j449@gmail.com,,Female,29,British,Sushi,Purple,2,customer,AmeliaJones002
Harry,Brown,HbrowN*66,07455321784,,,Male,41,British,Burger,Red,4,customer,HarryBrown003
Isla,Taylor,Isla_T55!,07911234598,islat55@mail.com,,Female,22,British,Pasta,Yellow,1,customer,IslaTaylor004
Jack,Wilson,JWpass!72,07700988341,,,Male,38,Irish,Steak,Black,3,customer,JackWilson005
Emily,Evans,Evans!Emily88,07811234911,emily.evans88@gmail.com,,Female,31,Welsh,Tacos,Green,2,customer,EmilyEvans006
George,Thomas,Gthomas##1,07544321987,,,Male,44,British,Fish and chips,Blue,5,customer,GeorgeThomas007
Ava,Roberts,AvaR*203,07751234981,ava.roberts203@gmail.com,,Female,26,British,Ramen,Pink,2,customer,AvaRoberts008
Charlie,Johnson,CharJ!98,07922349812,,Male,52,British,Lasagna,Orange,3,customer,CharlieJohnson009
Sophia,Walker,SophWalk22!,07764321890,sophia.walker22@gmail.com,,Female,33,British,Salad,White,1,customer,SophiaWalker010
Noah,Wright,NWright*71,07811230021,,Male,27,Australian,BBQ ribs,Blue,4,customer,NoahWright011
Grace,Hill,GraceHill!4,07799881234,grace.hill4@mail.com,,Female,46,British,Curry,Red,3,customer,GraceHill012
Leo,Green,GreenLeo88!,07900123421,,Male,37,Scottish,Steak,Black,2,customer,LeoGreen013
Mia,Adams,MiaA@777,07888221344,mia.adams777@gmail.com,,Female,21,British,Pancakes,Pink,1,customer,MiaAdams014
Oscar,Baker,OscBaker!54,07755221311,,Male,62,British,Roast dinner,Brown,4,customer,OscarBaker015
Ella,Gonzalez,EllaG!100,07811109876,,Female,35,Spanish,Paella,Yellow,3,customer,EllaGonzalez016
Arthur,Nelson,ArtNel#902,07544123777,arthur.nelson@mail.com,,Male,48,British,Burger,Blue,5,customer,ArthurNelson017
Lily,Carter,LilyCar!19,07766432188,lily.carter19@gmail.com,,Female,24,British,Pizza,Purple,2,customer,LilyCarter018
Freddie,Mitchell,FMitchell!!1,07944321112,,Male,30,British,Noodles,Green,3,customer,FreddieMitchell019
Evie,Perez,EviePerez33!,07888220011,,Female,27,Mexican,Tacos,Red,1,customer,EviePerez020
Theo,Turner,TheoT!234,07781234955,,Male,42,British,Curry,Orange,4,customer,TheoTurner021
Ruby,Phillips,RubyP##88,07955123477,ruby.phillips88@gmail.com,,Female,36,British,Pasta,Blue,2,customer,RubyPhillips022
Henry,Campbell,Hcamp!222,07844321111,,Male,53,Scottish,Haggis,Green,4,customer,HenryCampbell023
Chloe,Parker,Chloe!Park44,07721119888,,Female,20,British,Ice cream,Pink,1,customer,ChloeParker024
Lucas,Edwards,LucaE@303,07933211890,,Male,39,British,Pizza,Black,3,customer,LucasEdwards025
Freya,Collins,FreyaColl!9,07711234521,freya.collins9@gmail.com,,Female,28,British,Sushi,Purple,2,customer,FreyaCollins026
Thomas,Stewart,TomStew#18,07899123488,,Male,45,Irish,Stew,Brown,3,customer,ThomasStewart027
Jessica,Sanchez,JessS!723,07999111234,,Female,34,Spanish,Tapas,Yellow,4,customer,JessicaSanchez028
Logan,Morris,LogMorris!4,07744321009,,Male,23,American,Burger,Blue,1,customer,LoganMorris029
Sophie,Rogers,SophieR@55,07844112299,,Female,41,British,Salad,Green,2,customer,SophieRogers030
Daniel,Reed,DanReed!11,07733112244,,Male,49,British,Steak,Black,3,customer,DanielReed031
Hannah,Cook,HannahCook!7,07911223344,,Female,32,British,Pasta,Pink,1,customer,HannahCook032
Matthew,Morgan,MattMorg#19,07855119922,,Male,56,British,Roast dinner,Brown,5,customer,MatthewMorgan033
Zoe,Bell,ZoeBell!90,07788811234,,Female,25,British,Ramen,Blue,2,customer,ZoeBell034
Sebastian,Murphy,SebMurph!12,07922233455,,Male,38,Irish,Fish and chips,Green,3,customer,SebastianMurphy035
Lucy,Bailey,LucyB!33,07877334455,,Female,29,British,Pizza,Red,2,customer,LucyBailey036
David,Rivera,DavidR!72,07711335577,,Male,47,Puerto Rican,Rice and beans,Orange,4,customer,DavidRivera037
Anna,Cooper,AnnaCoo!41,07988776655,,Female,35,British,Curry,Yellow,2,customer,AnnaCooper038
Joseph,Richardson,JoeRich!92,07812344321,,Male,51,British,Burger,Black,4,customer,JosephRichardson039
Megan,Cox,MeganC!12,07799114422,,Female,22,British,Pasta,Pink,1,customer,MeganCox040
Ryan,Howard,RyanHow!88,07944331122,,Male,36,British,BBQ ribs,Blue,3,customer,RyanHoward041
Leah,Ward,LeahWard!2,07899115544,,Female,27,British,Noodles,Purple,2,customer,LeahWard042
Aaron,Torres,AaronT!91,07755228811,,Male,33,Mexican,Tacos,Green,3,customer,AaronTorres043
Georgia,Peterson,GeoPet!71,07977114455,,Female,31,British,Salad,Red,2,customer,GeorgiaPeterson044
Adam,Gray,AdamGray!6,07822117744,,Male,43,British,Steak,Black,4,customer,AdamGray045
Poppy,Ramirez,PoppyR!44,07766448811,,Female,24,Mexican,Burritos,Pink,1,customer,PoppyRamirez046
Nathan,James,NateJ!72,07988119955,,Male,39,British,Burger,Blue,3,customer,NathanJames047
Alice,Watson,AliceW!11,07888221199,,Female,30,British,Pancakes,Yellow,2,customer,AliceWatson048
Kyle,Brooks,KyleB!21,07744336622,,Male,34,American,Hot dogs,Red,3,customer,KyleBrooks049
Scarlett,Kelly,ScarK!76,07999118822,,Female,26,Irish,Stew,Green,1,customer,ScarlettKelly050
User1,Test,Pass1!,,,,Male,28,,,,1,customer,UserTest051
User2,Test,Pass2!,,,,Female,35,,,,2,customer,UserTest052
User3,Test,Pass3!,,,,Male,41,,,,3,customer,UserTest053
User4,Test,Pass4!,,,,Female,19,,,,1,customer,UserTest054
User5,Test,Pass5!,,,,Male,60,,,,4,customer,UserTest055
User6,Test,Pass6!,,,,Female,33,,,,2,customer,UserTest056
User7,Test,Pass7!,,,,Male,27,,,,1,customer,UserTest057
User8,Test,Pass8!,,,,Female,44,,,,3,customer,UserTest058
User9,Test,Pass9!,,,,Male,38,,,,2,customer,UserTest059
User10,Test,Pass10!,,,,Female,25,,,,1,customer,UserTest060
User11,Test,Pass11!,,,,Male,52,,,,4,customer,UserTest061
User12,Test,Pass12!,,,,Female,46,,,,3,customer,UserTest062
User13,Test,Pass13!,,,,Male,31,,,,2,customer,UserTest063
User14,Test,Pass14!,,,,Female,29,,,,1,customer,UserTest064
User15,Test,Pass15!,,,,Male,48,,,,3,customer,UserTest065
User16,Test,Pass16!,,,,Female,37,,,,2,customer,UserTest066
User17,Test,Pass17!,,,,Male,23,,,,1,customer,UserTest067
User18,Test,Pass18!,,,,Female,58,,,,4,customer,UserTest068
User19,Test,Pass19!,,,,Male,42,,,,3,customer,UserTest069
User20,Test,Pass20!,,,,Female,21,,,,1,customer,UserTest070
User21,Test,Pass21!,,,,Male,39,,,,2,customer,UserTest071
User22,Test,Pass22!,,,,Female,34,,,,2,customer,UserTest072
User23,Test,Pass23!,,,,Male,47,,,,3,customer,UserTest073
User24,Test,Pass24!,,,,Female,28,,,,1,customer,UserTest074
User25,Test,Pass25!,,,,Male,36,,,,2,customer,UserTest075
User26,Test,Pass26!,,,,Female,45,,,,3,customer,UserTest076
User27,Test,Pass27!,,,,Male,32,,,,2,customer,UserTest077
User28,Test,Pass28!,,,,Female,26,,,,1,customer,UserTest078
User29,Test,Pass29!,,,,Male,40,,,,3,customer,UserTest079
User30,Test,Pass30!,,,,Female,24,,,,1,customer,UserTest080
User31,Test,Pass31!,,,,Male,55,,,,4,customer,UserTest081
User32,Test,Pass32!,,,,Female,30,,,,2,customer,UserTest082
User33,Test,Pass33!,,,,Male,37,,,,2,customer,UserTest083
User34,Test,Pass34!,,,,Female,41,,,,3,customer,UserTest084
User35,Test,Pass35!,,,,Male,29,,,,1,customer,UserTest085
User36,Test,Pass36!,,,,Female,50,,,,4,customer,UserTest086
User37,Test,Pass37!,,,,Male,33,,,,2,customer,UserTest087
User38,Test,Pass38!,,,,Female,27,,,,1,customer,UserTest088
User39,Test,Pass39!,,,,Male,44,,,,3,customer,UserTest089
User40,Test,Pass40!,,,,Female,22,,,,1,customer,UserTest090
User41,Test,Pass41!,,,,Male,38,,,,2,customer,UserTest091
User42,Test,Pass42!,,,,Female,31,,,,2,customer,UserTest092
User43,Test,Pass43!,,,,Male,46,,,,3,customer,UserTest093
User44,Test,Pass44!,,,,Female,28,,,,1,customer,UserTest094
User45,Test,Pass45!,,,,Male,35,,,,2,customer,UserTest095
User46,Test,Pass46!,,,,Female,43,,,,3,customer,UserTest096
User47,Test,Pass47!,,,,Male,26,,,,1,customer,UserTest097
User48,Test,Pass48!,,,,Female,39,,,,2,customer,UserTest098
User49,Test,Pass49!,,,,Male,52,,,,4,customer,UserTest099
User50,Test,Pass50!,,,,Female,23,,,,1,customer,UserTest100
User51,Test,Pass51!,,,,Male,34,,,,2,customer,UserTest101
User52,Test,Pass52!,,,,Female,36,,,,2,customer,UserTest102
User53,Test,Pass53!,,,,Male,41,,,,3,customer,UserTest103
User54,Test,Pass54!,,,,Female,28,,,,1,customer,UserTest104
User55,Test,Pass55!,,,,Male,37,,,,2,customer,UserTest105
User56,Test,Pass56!,,,,Female,44,,,,3,customer,UserTest106
User57,Test,Pass57!,,,,Male,32,,,,2,customer,UserTest107
User58,Test,Pass58!,,,,Female,29,,,,1,customer,UserTest108
User59,Test,Pass59!,,,,Male,47,,,,3,customer,UserTest109
User60,Test,Pass60!,,,,Female,25,,,,1,customer,UserTest110
User61,Test,Pass61!,,,,Male,39,,,,2,customer,UserTest111
User62,Test,Pass62!,,,,Female,33,,,,2,customer,UserTest112
User63,Test,Pass63!,,,,Male,48,,,,3,customer,UserTest113
User64,Test,Pass64!,,,,Female,21,,,,1,customer,UserTest114
User65,Test,Pass65!,,,,Male,43,,,,3,customer,UserTest115
User66,Test,Pass66!,,,,Female,30,,,,2,customer,UserTest116
User67,Test,Pass67!,,,,Male,36,,,,2,customer,UserTest117
User68,Test,Pass68!,,,,Female,27,,,,1,customer,UserTest118
User69,Test,Pass69!,,,,Male,40,,,,3,customer,UserTest119
User70,Test,Pass70!,,,,Female,24,,,,1,customer,UserTest120



